cmp;date;party_id
11110;198809;1154
11110;199109;1154
11110;199409;1154
11110;199809;1154
11110;200209;1154
11110;200609;1154
11110;201009;1154
11110;201409;1154
11110;201809;1154
11220;198209;882
11220;198509;882
11220;198809;882
11220;199109;882
11220;199409;882
11220;199809;882
11220;200209;882
11220;200609;882
11220;201009;882
11220;201409;882
11220;201809;882
11320;198209;904
11320;198509;904
11320;198809;904
11320;199109;904
11320;199409;904
11320;199809;904
11320;200209;904
11320;200609;904
11320;201009;904
11320;201409;904
11320;201809;904
11420;198209;892
11420;198509;892
11420;198809;892
11420;199109;892
11420;199409;892
11420;199809;892
11420;200209;892
11420;200609;892
11420;201009;892
11420;201409;892
11420;201809;892
11520;198509;282
11520;199109;282
11520;199409;282
11520;199809;282
11520;200209;282
11520;200609;282
11520;201009;282
11520;201409;282
11520;201809;282
11620;198209;657
11620;198509;657
11620;198809;657
11620;199109;657
11620;199409;657
11620;199809;657
11620;200209;657
11620;200609;657
11620;201009;657
11620;201409;657
11620;201809;657
11710;201009;1546
11710;201409;1546
11710;201809;1546
11810;198209;1461
11810;198509;1461
11810;198809;1461
11810;199109;1461
11810;199409;1461
11810;199809;1461
11810;200209;1461
11810;200609;1461
11810;201009;1461
11810;201409;1461
11810;201809;1461
11951;199109;951
12110;201309;2254
12110;201709;2254
12221;198109;81
12221;198509;81
12221;198909;81
12221;199309;81
12221;199709;81
12221;200109;81
12221;200509;81
12221;200909;81
12221;201309;81
12221;201709;81
12230;201709;1638
12320;198109;104
12320;198509;104
12320;198909;104
12320;199309;104
12320;199709;104
12320;200109;104
12320;200509;104
12320;200909;104
12320;201309;104
12320;201709;104
12420;198109;647
12420;198509;647
12420;198909;647
12420;199309;647
12420;199709;647
12420;200109;647
12420;200509;647
12420;200909;647
12420;201309;647
12420;201709;647
12520;198109;1538
12520;198509;1538
12520;198909;1538
12520;199309;1538
12520;199709;1538
12520;200109;1538
12520;200509;1538
12520;200909;1538
12520;201309;1538
12520;201709;1538
12620;198109;1435
12620;198509;1435
12620;198909;1435
12620;199309;1435
12620;199709;1435
12620;200109;1435
12620;200509;1435
12620;200909;1435
12620;201309;1435
12620;201709;1435
12810;198109;702
12810;198509;702
12810;198909;702
12810;199309;702
12810;199709;702
12810;200109;702
12810;200509;702
12810;200909;702
12810;201309;702
12810;201709;702
12951;198109;351
12951;198509;351
12951;198909;351
12951;199309;351
12951;199709;351
12951;200109;351
12951;200509;351
12951;200909;351
12951;201309;351
12951;201709;351
13001;200711;376
13001;201109;376
13001;201506;376
13110;201506;2567
13210;198112;189
13210;198401;189
13220;198112;1239
13220;198401;1239
13221;198709;367
13229;199409;306
13229;199803;306
13229;200111;306
13229;200502;306
13229;200711;306
13229;201109;306
13229;201506;306
13230;198112;1644
13230;198401;1644
13230;198709;1644
13230;198805;1644
13230;199012;1644
13230;199409;1644
13230;199803;1644
13230;200111;1644
13230;200502;1644
13230;200711;1644
13230;201109;1644
13230;201506;1644
13320;198112;1629
13320;198401;1629
13320;198709;1629
13320;198805;1629
13320;199012;1629
13320;199409;1629
13320;199803;1629
13320;200111;1629
13320;200502;1629
13320;200711;1629
13320;201109;1629
13320;201506;1629
13330;198112;1324
13330;198401;1324
13330;198709;1324
13330;198805;1324
13330;199012;1324
13330;199409;1324
13330;199803;1324
13330;200502;1324
13410;198112;211
13410;198401;211
13410;198709;211
13410;198805;211
13410;199012;211
13410;199409;211
13410;199803;211
13410;200111;211
13410;200502;211
13410;200711;211
13410;201109;211
13410;201506;211
13420;198112;1605
13420;198401;1605
13420;198709;1605
13420;198805;1605
13420;199012;1605
13420;199409;1605
13420;199803;1605
13420;200111;1605
13420;200502;1605
13420;200711;1605
13420;201109;1605
13420;201506;1605
13520;198112;1331
13520;198401;1331
13520;198709;1331
13520;198805;1331
13520;199012;1331
13520;199409;1331
13520;199803;1331
13520;200111;1331
13520;200502;1331
13620;198112;590
13620;198401;590
13620;198709;590
13620;198805;590
13620;199012;590
13620;199409;590
13620;199803;590
13620;200111;590
13620;200502;590
13620;200711;590
13620;201109;590
13620;201506;590
13720;199803;1418
13720;200111;1418
13720;200502;1418
13720;200711;1418
13720;201109;1418
13720;201506;1418
13951;198112;978
13951;198401;978
13951;198709;978
13951;198805;978
13951;199012;978
13951;199409;978
13951;199803;978
13952;198112;1606
13952;198401;1606
14110;198303;1062
14110;198703;1062
14110;199103;1062
14110;199503;1062
14110;199903;1062
14110;200303;1062
14110;200703;1062
14110;201104;1062
14110;201504;1062
14221;198303;1292
14221;198703;1292
14222;198703;229
14223;199103;1292
14223;199503;1292
14223;199903;1292
14223;200303;1292
14223;200703;1292
14223;201104;1292
14223;201504;1292
14320;198303;395
14320;198703;395
14320;199103;395
14320;199503;395
14320;199903;395
14320;200303;395
14320;200703;395
14320;201104;395
14320;201504;395
14420;199103;1219
14430;199503;1009
14520;198303;1463
14520;198703;1463
14520;199103;1463
14520;199503;1463
14520;199903;1463
14520;200303;1463
14520;200703;1463
14520;201104;1463
14520;201504;1463
14620;198303;1118
14620;198703;1118
14620;199103;1118
14620;199503;1118
14620;199903;1118
14620;200303;1118
14620;200703;1118
14620;201104;1118
14620;201504;1118
14810;198303;94
14810;198703;94
14810;199103;94
14810;199503;94
14810;199903;94
14810;200303;94
14810;200703;94
14810;201104;94
14810;201504;94
14820;198303;200
14820;198703;200
14820;199103;200
14820;199503;200
14820;199903;200
14820;200303;200
14820;200703;200
14820;201104;200
14820;201504;200
14901;198303;585
14901;198703;585
14901;199103;585
14901;199503;585
14901;199903;585
14901;200303;585
14901;200703;585
14901;201104;585
14901;201504;585
15111;199905;210
15111;200305;210
15111;200705;210
15111;200904;210
15111;201304;210
15111;201610;210
15111;201710;210
15220;198304;1360
15220;198704;1360
15220;199104;1360
15220;199504;1360
15320;198304;228
15320;198704;228
15320;199104;228
15320;199504;228
15321;198304;988
15323;199504;205
15328;199905;1006
15328;200305;1006
15328;200705;1006
15328;200904;1006
15328;201304;1006
15328;201610;1006
15328;201710;1006
15420;199905;506
15420;200305;506
15420;200705;506
15430;200904;587
15440;201304;2204
15440;201610;2204
15440;201710;2204
15450;201610;2633
15450;201710;2633
15620;198304;1342
15620;198704;1342
15620;199104;1342
15620;199504;1342
15620;199905;1342
15620;200305;1342
15620;200705;1342
15620;200904;1342
15620;201304;1342
15620;201610;1342
15620;201710;1342
15621;198704;828
15630;201710;2655
15810;198304;1455
15810;198704;1455
15810;199104;1455
15810;199504;1455
15810;199905;1455
15810;200305;1455
15810;200705;1455
15810;200904;1455
15810;201304;1455
15810;201610;1455
15810;201710;1455
15951;198304;147
15951;198704;147
15951;199104;147
15951;199504;147
15952;201304;2205
15952;201610;2205
15952;201710;2205
15953;201710;2632
21111;198111;161
21111;198510;161
21111;198712;161
21111;199111;161
21111;199505;161
21111;199906;161
21111;200305;161
21111;200706;161
21111;201006;161
21112;198111;1594
21112;198510;1594
21112;198712;1594
21112;199111;1594
21112;199505;1594
21112;199906;1594
21112;200305;1594
21112;200706;1594
21112;201006;1594
21112;201405;1594
21221;200305;1113
21221;200706;1113
21230;201405;256
21321;198111;1029
21321;198510;1029
21321;198712;1029
21321;199111;1029
21321;199505;1029
21321;199906;1029
21321;200706;1113
21321;201006;1029
21321;201405;1029
21322;198111;1378
21322;198510;1378
21322;198712;1378
21322;199111;1378
21322;199505;1378
21322;199906;1378
21322;200305;1378
21322;200706;1378
21322;201006;1378
21330;200706;1113
21421;198111;1110
21421;198510;1110
21421;198712;1110
21421;199111;1110
21421;199505;1110
21421;199906;1110
21421;200305;1110
21421;200706;1110
21421;201006;1110
21421;201405;1110
21422;198111;454
21422;198510;454
21422;198712;454
21422;199111;454
21423;199505;454
21425;199906;454
21426;200305;915
21426;200706;915
21426;201006;915
21430;200706;221
21430;201006;221
21521;198111;723
21521;198510;723
21521;198712;723
21521;199111;723
21521;199505;723
21521;199906;723
21521;200305;723
21521;200706;972
21521;201006;723
21521;201405;723
21522;198111;1192
21522;198510;1192
21522;198712;1192
21522;199111;1192
21522;199505;1192
21522;199906;1192
21522;200305;1192
21522;200706;1192
21522;201006;1192
21911;198111;460
21912;198111;969
21912;198510;969
21912;198712;969
21912;199111;969
21913;198111;290
21913;198510;290
21913;198712;290
21913;199111;290
21913;199505;290
21914;198111;993
21914;198510;993
21914;198712;993
21914;199111;993
21914;199505;993
21914;199906;993
21914;200305;993
21915;199906;290
21916;200305;501
21916;200706;972
21916;201006;501
21916;201405;501
21917;200706;993
21917;201006;993
21917;201405;993
22110;198909;756
22110;199405;756
22110;199805;756
22110;200205;756
22110;200301;756
22110;200611;756
22110;201006;756
22110;201209;756
22110;201703;756
22210;198209;1194
22220;199405;357
22220;199805;357
22220;200205;357
22220;200301;357
22220;200611;357
22220;201006;357
22220;201209;357
22220;201703;357
22230;198605;1452
22310;198105;342
22310;198209;342
22310;198605;342
22320;198105;742
22320;198209;742
22320;198605;742
22320;198909;742
22320;199405;742
22320;199805;742
22320;200205;742
22320;200301;742
22320;200611;742
22320;201006;742
22320;201209;742
22320;201703;742
22321;201703;2641
22330;198105;345
22330;198209;345
22330;198605;345
22330;198909;345
22330;199405;345
22330;199805;345
22330;200205;345
22330;200301;345
22330;200611;345
22330;201006;345
22330;201209;345
22330;201703;345
22420;198105;1409
22420;198209;1409
22420;198605;1409
22420;198909;1409
22420;199405;1409
22420;199805;1409
22420;200205;1409
22420;200301;1409
22420;200611;1409
22420;201006;1409
22420;201209;1409
22420;201703;1409
22430;200205;744
22430;200301;744
22521;198105;235
22521;198209;235
22521;198605;235
22521;198909;235
22521;199405;235
22521;199805;235
22521;200205;235
22521;200301;235
22521;200611;235
22521;201006;235
22521;201209;235
22521;201703;235
22526;200205;1206
22526;200301;1206
22526;200611;1206
22526;201006;1206
22526;201209;1206
22526;201703;1206
22527;198209;625
22527;198909;625
22527;199405;625
22527;199805;625
22528;198105;212
22528;198209;212
22528;198909;212
22528;199405;212
22528;199805;212
22710;198209;275
22711;198909;209
22711;199405;209
22720;200205;456
22720;200301;456
22722;200611;1501
22722;201006;1501
22722;201209;1501
22722;201703;1501
22730;201703;2642
22951;200611;990
22951;201006;990
22951;201209;990
22951;201703;990
22952;198209;1251
22952;198605;1251
22952;198909;1251
22952;199405;1251
22952;199805;1251
22952;200205;1251
22952;200611;1251
22952;201006;1251
22952;201209;1251
22952;201703;1251
22953;201209;2109
22953;201703;2109
22954;199405;112
22955;199405;2288
23111;198906;1158
23112;198406;310
23112;198906;310
23113;199406;310
23113;199906;310
23113;200406;310
23113;200906;310
23113;201310;310
23220;198406;151
23220;198906;151
23230;200906;457
23230;201310;457
23320;198406;701
23320;198906;701
23320;199406;701
23320;199906;701
23320;200406;701
23320;200906;701
23320;201310;701
23420;198406;967
23420;198906;967
23420;199406;967
23420;199906;967
23420;200406;967
23420;200906;967
23420;201310;967
23520;198406;1234
23520;198906;1234
23520;199406;1234
23520;199906;1234
23520;200406;1234
23520;200906;1234
23520;201310;1234
23951;198906;1582
23951;199406;1582
23951;199906;1582
23951;200406;1582
23951;200906;1582
23951;201310;1582
31021;201206;686
31110;199303;873
31110;199705;873
31110;200206;873
31110;200706;873
31110;201206;873
31110;201706;873
31111;199705;650
31220;198106;686
31220;198603;686
31220;198806;686
31220;199303;686
31220;199705;686
31220;200206;686
31220;200706;686
31220;201706;686
31230;201206;1492
31230;201706;1492
31240;201706;2644
31320;198106;1539
31320;198603;1539
31320;198806;1539
31320;199303;1539
31320;199705;1539
31320;200206;1539
31320;200706;1539
31320;201206;1539
31320;201706;1539
31421;201206;401
31425;201706;2643
31430;201706;2273
31621;198106;138
31621;198603;138
31621;198806;138
31624;198106;509
31624;198603;509
31624;198806;509
31624;199303;509
31624;199705;509
31624;200206;509
31624;200706;509
31624;201206;509
31624;201706;509
31625;199303;138
31625;199705;138
31626;200206;658
31626;200706;658
31626;201206;658
31626;201706;658
31630;201206;1058
31631;201206;2078
31720;198603;270
31720;198806;270
31720;199303;270
31720;199705;270
31720;200206;270
31720;200706;270
31720;201206;270
31720;201706;270
32031;201803;465
32055;201803;226
32061;200804;596
32061;201302;596
32090;201803;1030
32110;198706;1304
32110;199204;1304
32110;199403;1304
32110;199604;1304
32110;200604;1304
32111;200105;910
32211;198306;1424
32211;198706;1424
32212;199204;1321
32212;199403;1321
32212;199604;1321
32212;200105;1321
32212;200604;1321
32213;200105;1661
32213;200604;1661
32220;198306;809
32220;198706;809
32220;199204;809
32220;199403;809
32220;199604;809
32220;200105;809
32221;200604;1296
32230;201302;465
32310;198306;1296
32310;198706;1296
32310;199204;1296
32310;199403;1296
32310;199604;1296
32320;198306;1475
32320;198706;1475
32320;199204;1475
32320;199403;1475
32321;199604;630
32329;200105;1048
32329;200604;1048
32330;198306;242
32330;198706;242
32330;199204;242
32410;198306;93
32410;198706;93
32410;199204;93
32420;198306;487
32420;198706;487
32420;199204;487
32421;200105;1005
32440;200804;382
32440;201302;382
32440;201803;382
32450;201302;2153
32451;201803;2737
32460;201302;2156
32520;198306;1633
32520;198706;1633
32520;199204;1633
32520;199403;1633
32520;199604;1633
32521;199604;99
32522;200105;627
32528;199403;142
32529;199403;896
32529;199604;896
32530;200604;226
32530;200804;226
32530;201302;226
32610;199403;596
32610;199604;596
32610;200105;596
32610;200604;596
32610;201803;596
32611;200105;1287
32611;200604;1287
32630;201302;2154
32630;201803;2154
32710;198306;373
32710;198706;373
32710;199204;373
32710;199403;373
32710;199604;373
32710;200105;373
32710;200604;373
32720;199204;1436
32720;199403;1436
32720;199604;1436
32720;200105;1436
32720;200604;1436
32720;200804;1436
32720;201302;1436
32720;201803;1436
32901;200105;488
32902;200105;693
32902;200604;693
32902;200804;693
32903;200604;1063
32904;200604;1030
32904;201302;1030
32906;201302;974
32951;199204;366
32951;199403;366
32953;200604;399
32955;200604;1048
32956;201302;2155
32956;201803;2155
33020;201512;988
33025;201606;2724
33091;201111;385
33092;201111;845
33095;201512;2603
33095;201606;2603
33096;201512;2606
33096;201606;2606
33097;201512;2604
33097;201606;2604
33098;201512;2607
33098;201606;2607
33099;201512;2605
33210;201512;2376
33210;201606;2376
33220;198210;118
33220;198606;118
33220;198910;118
33220;199306;118
33220;199603;118
33220;200003;118
33220;200403;118
33220;200803;118
33220;201111;118
33320;198210;902
33320;198606;902
33320;198910;902
33320;199306;902
33320;199603;902
33320;200003;902
33320;200403;902
33320;200803;902
33320;201111;902
33320;201512;902
33320;201606;902
33420;201512;2375
33420;201606;2375
33430;198210;135
33440;201111;551
33512;198210;637
33512;198606;637
33512;198910;637
33512;199306;637
33610;198210;645
33610;198606;645
33610;198910;645
33610;199306;645
33610;199603;645
33610;200003;645
33610;200403;645
33610;200803;645
33610;201111;645
33610;201512;645
33610;201606;645
33611;198210;894
33611;198606;894
33611;198910;894
33611;199306;894
33611;199603;894
33611;200003;894
33611;200403;894
33611;200803;894
33611;201111;894
33901;198210;1026
33901;198606;1026
33901;198910;1026
33902;198210;1361
33902;198606;1361
33902;198910;1361
33902;199306;1361
33902;199603;1361
33902;200003;1361
33902;200403;1361
33902;200803;1361
33902;201111;1361
33902;201512;1361
33902;201606;1361
33903;198910;845
33903;199306;845
33903;199603;845
33903;200003;845
33903;200403;845
33903;200803;845
33904;198606;1221
33904;198910;1221
33904;199306;1221
33904;200003;1221
33905;198210;757
33905;198606;757
33905;198910;757
33905;199306;757
33905;199603;757
33905;200003;757
33905;200403;757
33905;200803;757
33905;201111;757
33905;201512;757
33905;201606;757
33906;198910;370
33906;199306;370
33906;200003;370
33906;200403;370
33907;199306;234
33907;199603;234
33907;200003;234
33907;200403;234
33907;200803;234
33907;201111;234
33907;201512;234
33907;201606;234
33908;199603;520
33908;200003;520
33908;200403;520
33908;200803;520
33908;201111;520
33909;200403;1367
33909;200803;1367
33911;201606;2605
34020;200403;1592
34020;200709;1592
34020;200910;1592
34020;201205;1592
34210;198110;614
34210;198506;614
34210;199310;614
34210;199609;614
34210;200004;614
34210;200403;614
34210;200709;614
34210;200910;614
34210;201205;614
34210;201206;614
34210;201501;614
34210;201509;614
34211;198906;1441
34211;198911;1441
34211;199004;1441
34211;199609;1441
34211;200004;1441
34212;201206;1592
34212;201501;1592
34212;201509;1592
34213;201205;2093
34213;201206;2093
34213;201509;2093
34214;201509;2596
34313;198110;1338
34313;198506;1338
34313;198906;1338
34313;198911;1338
34313;199004;1338
34313;199310;1338
34313;199609;1338
34313;200004;1338
34313;200403;1338
34313;200709;1338
34313;200910;1338
34313;201205;1338
34313;201206;1338
34313;201501;1338
34313;201509;1338
34314;199609;720
34340;201501;2346
34340;201509;2346
34410;201509;2165
34511;198110;47
34511;198506;47
34511;198906;47
34511;198911;47
34511;199004;47
34511;199310;47
34511;199609;47
34511;200004;47
34511;200403;47
34511;200709;47
34511;200910;47
34511;201205;47
34511;201206;47
34511;201501;47
34511;201509;47
34512;199310;1412
34512;199609;1412
34710;200709;1179
34710;200910;1179
34710;201205;1179
34720;201205;2092
34720;201206;2092
34720;201501;2092
34720;201509;2092
34730;201205;2091
34730;201206;2091
34730;201501;2091
34730;201509;2091
35060;201510;1273
35110;198304;1535
35110;198510;1535
35110;198707;1535
35110;200203;1535
35110;200502;1535
35110;200909;1535
35110;201106;1535
35110;201510;1535
35120;201510;1781
35210;198010;260
35210;198304;260
35210;198510;260
35210;198707;260
35211;199910;557
35211;200203;557
35211;200502;557
35211;200909;557
35211;201106;557
35211;201510;557
35220;198010;514
35220;198304;514
35220;198510;514
35220;198707;514
35220;199110;514
35220;199510;514
35220;199910;514
35220;200203;514
35220;200502;514
35220;200909;514
35220;201106;514
35220;201510;514
35229;199110;1295
35229;199510;1295
35229;199910;1295
35229;200203;1295
35229;200502;1295
35310;198010;1281
35310;198304;1281
35310;198510;1281
35311;198010;725
35311;198304;725
35311;198510;725
35311;198707;725
35311;199110;725
35311;199510;725
35311;199910;725
35311;200203;725
35311;200502;725
35311;200909;725
35311;201106;725
35311;201510;725
35312;198510;341
35312;198707;341
35313;198010;1273
35313;198304;1273
35313;198510;1273
35313;198707;1273
35313;199110;1273
35313;199510;1273
35313;199910;1273
35313;200203;1273
35313;200502;1273
35313;200909;1273
35313;201106;1273
35315;198707;889
35316;198010;622
35317;198010;565
35520;198010;251
35520;198304;251
35520;198510;251
35520;198707;251
35520;199110;251
35520;199510;251
35520;199910;251
35520;200203;251
35520;200502;251
35520;200909;251
35520;201106;251
35710;198010;107
35710;198304;107
35951;199110;82
41111;198303;772
41111;198701;772
41112;199012;255
41113;199410;772
41113;199809;772
41113;200209;772
41113;200509;772
41113;200909;772
41113;201309;772
41113;201709;772
41221;199012;791
41221;199410;791
41221;199809;791
41221;200209;791
41222;200509;791
41223;200909;791
41223;201309;791
41223;201709;791
41320;198010;558
41320;198303;558
41320;198701;558
41320;199012;558
41320;199410;558
41320;199809;558
41320;200209;558
41320;200509;558
41320;200909;558
41320;201309;558
41320;201709;558
41420;198010;543
41420;198303;543
41420;198701;543
41420;199012;543
41420;199410;543
41420;199809;543
41420;200209;543
41420;200509;543
41420;200909;543
41420;201309;543
41420;201709;543
41521;198010;808
41521;198303;808
41521;198701;808
41521;199012;808
41521;199410;808
41521;199809;808
41521;200209;808
41521;200509;808
41521;200909;808
41521;201309;808
41521;201709;808
41952;201309;865
41953;201309;2253
41953;201709;2253
42110;198611;1429
42110;199010;1429
42110;199410;1429
42110;199512;1429
42110;199910;1429
42110;200211;1429
42110;200610;1429
42110;200809;1429
42110;201309;1429
42110;201710;1429
42120;201710;2651
42220;200211;769
42220;200809;769
42320;198304;973
42320;198611;973
42320;199010;973
42320;199410;973
42320;199512;973
42320;199910;973
42320;200211;973
42320;200610;973
42320;200809;973
42320;201309;973
42320;201710;973
42420;198304;50
42420;198611;50
42420;199010;50
42420;199410;50
42420;199512;50
42420;199910;50
42420;200211;50
42420;200610;50
42420;200809;50
42420;201309;50
42420;201710;50
42421;199410;955
42421;199512;955
42430;201309;2255
42430;201710;2255
42520;198304;1013
42520;198611;1013
42520;199010;1013
42520;199410;1013
42520;199512;1013
42520;199910;1013
42520;200211;1013
42520;200610;1013
42520;200809;1013
42520;201309;1013
42520;201710;1013
42710;200610;1536
42710;200809;1536
42951;201309;2150
43110;198310;141
43110;198710;141
43110;199110;141
43110;199510;141
43110;199910;141
43110;200310;141
43110;200710;141
43110;201110;141
43110;201510;141
43120;200710;308
43120;201110;308
43120;201510;308
43220;199110;1167
43220;199510;1167
43220;199910;1167
43220;200310;1167
43220;200710;1167
43220;201510;1167
43320;198310;35
43320;198710;35
43320;199110;35
43320;199510;35
43320;199910;35
43320;200310;35
43320;200710;35
43320;201110;35
43320;201510;35
43321;198310;1264
43321;198710;1264
43321;199110;1264
43321;199510;1264
43321;199910;1264
43420;198310;26
43420;198710;26
43420;199110;26
43420;199510;26
43420;199910;26
43420;200310;26
43420;200710;26
43420;201110;26
43420;201510;26
43520;198310;531
43520;198710;531
43520;199110;531
43520;199510;531
43520;199910;531
43520;200310;531
43520;200710;531
43520;201110;531
43520;201510;531
43530;198310;602
43530;198710;602
43530;199110;602
43530;199510;602
43530;199910;602
43530;200310;602
43530;200710;602
43530;201110;602
43530;201510;602
43531;199110;458
43531;199510;458
43531;199910;458
43531;200310;458
43540;200710;1012
43540;201110;1012
43710;198310;628
43710;198710;628
43710;199110;628
43710;199510;628
43710;199910;628
43710;200310;628
43711;199110;1318
43711;199510;1318
43711;199910;1318
43711;200310;1318
43711;200710;1318
43810;198310;750
43810;198710;750
43810;199110;750
43810;199510;750
43810;199910;750
43810;200310;750
43810;200710;750
43810;201110;750
43810;201510;750
43811;201110;1213
43811;201510;1213
43901;200710;1500
43901;201110;1500
43902;201110;2599
43902;201510;2599
43951;198710;1602
43951;199110;1602
43951;199510;1602
51110;201505;467
51110;201706;467
51210;199705;689
51210;200106;689
51210;201505;689
51210;201706;689
51320;198306;1556
51320;198706;1556
51320;199204;1556
51320;199705;1556
51320;200106;1556
51320;200505;1556
51320;201005;1556
51320;201505;1556
51320;201706;1556
51330;198306;1547
51330;198706;1547
51340;201505;1023
51420;198306;659
51420;198706;659
51421;199204;659
51421;199705;659
51421;200106;659
51421;200505;659
51421;201005;659
51421;201505;659
51421;201706;659
51620;198306;1496
51620;198706;1496
51620;199204;1496
51620;199705;1496
51620;200106;1496
51620;200505;1496
51620;201005;1496
51620;201505;1496
51620;201706;1496
51621;199204;1210
51621;199705;1210
51621;200106;1210
51621;201505;1210
51901;201505;311
51901;201706;311
51902;199204;1284
51902;199705;1284
51902;200106;1284
51902;201505;1284
51902;201706;1284
51903;199204;319
51903;199705;319
51903;200106;319
51903;201505;319
51903;201706;319
51951;200106;1272
51951;201505;1272
51951;201706;1272
53110;198906;1573
53110;199211;1573
53110;199706;1573
53110;200205;1573
53110;200705;1573
53110;201102;1573
53110;201602;1573
53220;198106;433
53220;198202;433
53220;198211;433
53220;198702;433
53220;198906;433
53221;199211;1580
53221;199706;1580
53230;201102;1014
53231;201602;1804
53320;198106;318
53320;198202;318
53320;198211;318
53320;198702;318
53320;198906;318
53320;199211;318
53320;199706;318
53320;200205;318
53320;200705;318
53320;201102;318
53320;201602;318
53321;201602;2619
53420;198702;651
53420;198906;651
53420;199211;651
53420;199706;651
53420;200205;651
53420;200705;651
53520;198106;1393
53520;198202;1393
53520;198211;1393
53520;198702;1393
53520;198906;1393
53520;199211;1393
53520;199706;1393
53520;200205;1393
53520;200705;1393
53520;201102;1393
53520;201602;1393
53620;198106;280
53620;198202;280
53620;198211;280
53620;198702;280
53620;198906;280
53620;199211;280
53620;199706;280
53620;200205;280
53620;200705;280
53620;201102;280
53620;201602;280
53951;199706;2217
53951;200205;2217
53951;200705;2217
53951;201102;2217
53951;201602;2217
53981;201602;2622
54320;199610;1003
54320;199809;1003
54620;199610;984
54620;199809;984
55110;200605;1621
55110;201105;1621
55110;201605;1621
55321;199605;572
55321;200105;572
55321;200605;572
55321;201105;572
55321;201605;572
55322;199605;945
55322;200105;945
55322;200605;945
55322;201105;945
55322;201605;945
55340;201605;2341
55422;199605;851
55422;200105;851
55422;200605;851
55422;201105;851
55422;201605;851
55423;199605;1523
55430;200605;491
55430;201105;491
55610;201605;2626
55711;199605;1575
55711;200105;1575
55711;200605;1575
55711;201105;1575
55711;201605;1575
55720;201605;1768
62110;200810;1259
62110;201105;1259
62110;201510;1259
62320;198002;296
62320;198409;296
62320;198811;296
62320;199310;296
62320;199706;296
62320;200011;296
62320;200406;296
62320;200601;296
62320;200810;296
62320;201105;296
62320;201510;296
62420;198002;368
62420;198409;368
62420;198811;368
62420;199310;368
62420;199706;368
62420;200011;368
62420;200406;368
62420;200601;368
62420;200810;368
62420;201105;368
62420;201510;368
62620;198002;794
62620;198409;794
62620;198811;794
62620;199310;794
62620;199706;794
62620;200011;794
62621;199310;897
62621;199706;897
62622;200011;897
62623;200406;1255
62623;200601;1255
62623;200810;1255
62623;201105;1255
62623;201510;1255
62901;199310;448
62901;199706;448
62901;200011;448
62901;200406;448
62901;200601;448
62901;200810;448
62901;201105;448
62901;201510;448
63110;200410;751
63110;200711;751
63110;201008;751
63110;201309;751
63110;201607;751
63320;198010;1253
63320;198303;1253
63320;198412;1253
63320;198707;1253
63320;199003;1253
63320;199303;1253
63320;199603;1253
63320;199810;1253
63320;200111;1253
63320;200410;1253
63320;200711;1253
63320;201008;1253
63320;201309;1253
63320;201607;1253
63321;199003;120
63321;199603;120
63321;199810;120
63321;200111;120
63410;201309;2259
63620;198010;1411
63620;198303;1411
63620;198412;1411
63620;198707;1411
63620;199003;1411
63620;199303;1411
63620;199603;1411
63620;199810;1411
63620;200111;1411
63620;200410;1411
63620;200711;1411
63620;201008;1411
63620;201309;1411
63620;201607;1411
63621;201008;154
63621;201309;154
63621;201607;154
63622;201309;215
63710;201309;2258
63710;201607;2258
63810;198010;184
63810;198303;184
63810;198412;184
63810;198707;184
63810;199003;184
63810;199303;184
63810;199603;184
63810;199810;184
63810;200111;184
63810;200410;184
63810;200711;184
63810;201008;184
63810;201309;184
63810;201607;184
63901;201607;2630
64110;199911;1171
64110;200207;1171
64110;200509;1171
64110;200811;1171
64110;201111;1171
64110;201409;1171
64110;201709;1171
64320;198111;878
64320;198407;878
64320;198708;878
64320;199010;878
64320;199311;878
64320;199610;878
64320;199911;878
64320;200207;878
64320;200509;878
64320;200811;878
64320;201111;878
64320;201409;878
64320;201709;878
64321;199311;1444
64321;199610;1444
64321;199911;1444
64420;199610;617
64420;199911;617
64420;200207;617
64420;200509;617
64420;200811;617
64420;201111;617
64420;201409;617
64420;201709;617
64421;200207;1313
64421;200811;1313
64421;201111;1313
64421;201409;1313
64422;200207;354
64422;200509;354
64422;200811;354
64620;198111;997
64620;198407;997
64620;198708;997
64620;199010;997
64620;199311;997
64620;199610;997
64620;199911;997
64620;200207;997
64620;200509;997
64620;200811;997
64620;201111;997
64620;201409;997
64620;201709;997
64621;199311;891
64621;199610;891
64621;199911;891
64621;200207;891
64621;201111;891
64621;201409;891
64621;201709;891
64901;200509;114
64901;200811;114
64901;201111;114
64901;201409;114
64901;201709;114
64902;201111;1972
64951;198111;1636
64951;198407;1636
64951;198708;1636
64951;199010;1636
71110;201212;2785
71111;201412;2069
71220;198006;1540
71220;198312;1540
71220;198607;1540
71220;199002;1540
71220;199307;1540
71220;199610;1540
71220;200006;1540
71220;200311;1540
71220;200509;1540
71220;200908;1540
71220;201212;1540
71220;201412;1540
71320;198006;940
71320;198312;940
71320;198607;940
71320;199002;940
71320;199307;940
71320;199610;940
71320;200006;940
71320;200311;940
71320;200509;940
71320;200908;940
71320;201212;940
71320;201412;940
71321;198006;1053
71321;198312;1053
71321;198607;1053
71321;199002;1053
71321;199307;1053
71322;198312;86
71322;198607;86
71322;199002;86
71410;200908;1124
71410;201212;1124
71420;200311;1165
71430;201212;2136
71530;198006;837
71530;198312;837
71530;198607;837
71530;199002;837
71530;199307;837
71530;200006;837
71530;200311;837
71530;200509;837
71530;200908;837
71530;201212;837
71530;201412;837
71620;198006;1193
71620;198312;1193
71620;198607;1193
71620;199002;1193
71620;199307;1193
71620;199610;1193
71620;200006;1193
71620;200311;1193
71620;200509;1193
71620;200908;1193
71620;201212;1193
71620;201412;1193
71621;198006;170
71621;198312;170
71621;198607;170
71622;199307;547
71623;199610;1136
71624;199610;439
71624;200006;439
71624;200311;439
71624;200509;439
71624;200908;439
71624;201212;439
71624;201412;439
71625;200006;462
71626;200006;1382
71626;200311;1382
71630;200509;4
71630;200908;4
71630;201212;4
71640;200311;695
71650;201212;247
71660;201412;2136
71710;201412;2404
71951;199307;1146
71951;199610;1146
71952;199307;1327
71953;200908;1175
72091;201503;1846
72092;200603;1846
72092;200902;1846
72222;198407;390
72222;198811;390
72225;198106;732
72225;198407;732
72225;198811;732
72225;199206;732
72225;199605;732
72225;199905;732
72225;200301;732
72225;200603;732
72225;200902;732
72225;201301;732
72310;198106;305
72310;198407;305
72310;198811;305
72311;198811;1168
72312;199905;615
72312;200301;615
72320;198106;244
72320;198407;244
72323;198811;244
72323;199206;244
72323;199605;244
72323;200301;244
72323;200603;244
72323;200902;244
72323;201301;244
72326;199206;1419
72326;199605;1419
72326;199905;1419
72326;200301;1419
72326;200603;1419
72326;200902;1419
72326;201301;1419
72326;201503;1419
72327;199905;244
72328;201503;244
72413;198106;1850
72413;198407;1850
72413;200301;1850
72414;198407;2411
72415;199905;1863
72425;198407;61
72427;199605;279
72428;199605;277
72428;199905;277
72430;200603;1870
72430;200902;1870
72430;201301;1870
72431;201301;2320
72440;201301;2321
72440;201503;2321
72450;201503;2410
72530;198106;214
72530;198407;214
72530;198811;214
72530;199206;214
72530;199605;214
72530;199905;214
72530;200301;214
72530;200603;214
72531;198106;265
72531;198407;265
72531;198811;265
72532;198106;588
72532;198407;588
72533;198407;788
72533;198811;788
72533;199206;788
72533;199605;788
72533;199905;788
72533;200301;788
72533;200603;788
72533;200902;788
72533;201503;788
72534;198407;31
72535;199206;1303
72535;199605;1303
72535;199905;1303
72535;200301;1303
72535;200603;1303
72535;200902;1303
72612;198106;1660
72612;198407;1660
72612;198811;1660
72612;199206;1660
72613;198811;976
72613;199206;976
72614;198811;249
72615;198811;980
72615;199206;980
72615;199605;980
72622;198106;678
72622;198407;678
72622;198811;678
72622;199206;678
72622;199605;678
72622;199905;678
72622;200301;678
72622;200603;678
72622;200902;678
72622;201301;678
72622;201503;678
72624;199905;1357
72624;200301;1357
72624;200603;1357
72624;200902;1357
72625;199905;1816
72625;200603;1816
72625;200902;1816
72625;201301;1816
72625;201503;1816
72701;200902;214
72701;201301;214
72701;201503;214
72901;199605;1846
72903;200301;805
72903;200603;805
72903;200902;805
72903;201301;805
72951;200603;1873
74210;201506;2572
74210;201511;2572
74210;201806;2572
74321;199512;507
74321;199904;507
74321;200211;507
74321;200707;507
74321;201106;507
74321;201506;507
74321;201511;507
74321;201806;507
74322;198311;507
74323;198711;507
74323;199110;507
74324;199110;329
74324;199512;329
74324;199904;329
74623;198311;1334
74623;198711;1334
74623;199110;1334
74623;199512;1334
74623;199904;1334
74624;198711;1141
74624;199110;1141
74624;199512;1141
74624;199904;1141
74626;199904;240
74628;200211;901
74628;200707;901
74628;201106;901
74628;201506;901
74628;201511;901
74628;201806;901
74640;201806;2702
74711;198311;110
74712;199512;408
74712;199904;408
74712;200211;408
74712;200707;408
74712;201106;408
74712;201506;408
74712;201511;408
74712;201806;408
74715;198711;1122
74715;199110;1122
74715;199512;1122
74716;199904;1122
74717;201806;1315
80051;200907;1254
80061;201410;2363
80062;201410;2211
80071;201703;2211
80220;199006;982
80220;199110;982
80220;199412;982
80220;199704;982
80220;200506;982
80220;201305;982
80221;200106;1160
80221;200506;1160
80221;200907;1160
80221;201410;1160
80221;201703;1160
80228;199110;1160
80228;199412;1160
80229;199704;1160
80320;199704;710
80330;201410;2364
80410;199006;423
80410;199110;423
80410;199412;423
80411;199704;784
80411;200106;784
80411;200506;784
80510;200907;1541
80510;201305;1541
80510;201410;1541
80510;201703;1541
80610;200506;57
80620;200907;636
80630;201410;2362
80640;201703;2637
80710;200506;535
80710;200907;535
80710;201305;535
80710;201410;535
80810;199006;353
80811;199412;353
80812;199412;353
80813;200506;1375
80901;199412;599
80901;199704;599
80902;200106;544
80902;200506;544
80951;199006;1286
80951;199110;1286
80951;199412;1286
80951;199704;1286
80951;200106;1286
80951;200506;1286
80951;200907;1286
80951;201305;1286
80951;201410;1286
80951;201703;1286
80952;199704;1286
81021;200001;1493
81022;201609;2612
81032;201112;1493
81032;201511;1493
81032;201609;1493
81041;200711;1465
81042;200311;1102
81043;201609;2628
81061;201511;276
81091;201511;1627
81091;201609;1627
81220;199004;1493
81220;199208;1493
81220;199510;1493
81220;200001;1493
81220;200311;1493
81220;200711;1493
81230;201112;2182
81410;199208;1102
81410;199510;1102
81411;200001;1457
81411;200311;1457
81440;201112;2195
81450;201511;2614
81460;201511;2615
81460;201609;2615
81711;199004;276
81711;199208;276
81711;199510;276
81711;200001;276
81711;200311;276
81711;200711;276
81711;201112;276
81711;201609;276
81712;199208;1384
81712;199510;1384
81712;200001;1384
81712;200311;1384
81712;200711;1384
81713;199208;1044
81713;199510;1044
81713;200001;1044
81713;200311;1044
81810;199208;1465
81810;199510;1465
81810;200001;1465
81810;200311;1465
81810;201112;1465
81910;200311;2133
81910;200711;2133
81910;201112;2133
81952;200711;2135
81952;201112;2135
81952;201511;2135
81953;199208;1627
81953;200001;1627
81953;200711;1627
81957;200311;2134
81960;201511;2612
81961;201511;2628
82110;200606;196
82110;201005;196
82110;201310;196
82220;199006;665
82220;199605;665
82220;199806;665
82220;200206;665
82220;200606;665
82220;201005;665
82220;201310;665
82220;201710;665
82221;199206;2224
82320;199206;789
82320;199605;789
82320;199806;789
82320;200206;789
82320;200606;789
82320;201005;789
82320;201310;789
82320;201710;789
82410;199006;743
82412;199206;1123
82412;199605;1123
82413;199206;829
82413;199605;829
82413;199806;829
82413;200206;829
82413;200606;829
82413;201005;829
82413;201310;829
82413;201710;829
82419;199206;829
82420;199206;1218
82421;199806;688
82430;201310;2263
82430;201710;2263
82520;199006;1245
82521;199206;440
82523;199206;1245
82523;199605;1245
82523;199806;1245
82523;200606;1245
82523;201005;1245
82523;201310;1245
82523;201710;1245
82524;200206;1245
82529;199006;1245
82530;201005;2
82530;201310;2
82530;201710;2
82610;201710;2024
82710;199206;872
82710;199605;872
82710;199806;872
82710;200206;872
82720;201310;2262
82721;201710;2654
82901;199605;77
82901;199806;77
82951;199006;19
82951;199206;19
82952;201005;336
82953;201710;2261
83110;200703;219
83110;201103;219
83220;199209;486
83320;199209;1448
83410;199209;1448
83410;199503;1448
83410;199903;1448
83410;200303;1448
83410;200703;1448
83410;201103;1448
83410;201503;1448
83411;199503;1137
83411;199903;1137
83411;200303;1137
83411;200703;1137
83411;201103;1137
83411;201503;1137
83421;199209;450
83430;199503;113
83430;199903;113
83430;200303;113
83430;200703;113
83430;201103;113
83430;201503;113
83440;201503;2409
83610;199503;1395
83611;200303;428
83611;200703;428
83611;201103;428
83611;201503;428
83612;200303;417
83612;200703;417
83612;201103;417
83709;199503;243
83710;199209;846
83710;199903;846
83710;200303;846
83711;199209;552
83712;199209;1064
83713;199503;486
83713;199903;486
83719;199503;486
83720;201503;417
83810;199903;417
83901;199209;25
83951;199503;1590
83952;199903;1590
86110;201004;403
86110;201404;403
86220;199003;1591
86220;199405;1591
86220;199805;1591
86220;200204;1591
86220;200604;1591
86220;201004;1591
86220;201404;1591
86221;201404;1970
86320;199003;418
86320;199405;418
86320;200604;418
86320;201004;418
86340;201404;2318
86421;199003;437
86421;199405;437
86421;199805;437
86421;200204;437
86421;200604;437
86421;201004;437
86421;201404;437
86422;199003;1426
86422;199405;1426
86422;199805;1426
86422;200204;1426
86422;200604;1426
86521;199003;546
86521;199405;546
86521;199805;546
86521;200204;546
86521;200604;546
86522;199003;434
86522;199405;434
86522;199805;434
86620;199805;95
86710;201004;600
86710;201404;600
86810;199003;870
86810;199405;870
86810;199805;870
86810;200204;870
86811;199003;1183
87021;200610;1100
87021;201010;1100
87021;201109;1100
87041;200610;662
87042;201810;2392
87061;201010;1667
87062;201010;1666
87062;201109;1666
87062;201410;1666
87062;201810;1666
87071;201010;521
87071;201109;521
87071;201410;521
87071;201810;521
87110;200210;466
87110;200610;466
87110;201010;466
87110;201109;466
87110;201410;466
87110;201810;466
87220;199306;32
87310;199509;309
87311;199810;1656
87320;199509;1042
87340;201410;1100
87340;201810;1100
87410;199306;526
87410;199509;526
87410;199810;526
87410;200210;526
87411;199509;759
87421;199509;32
87421;199810;32
87422;200210;1520
87422;200610;1520
87423;200210;1518
87423;200610;1518
87430;199306;384
87431;199810;550
87520;199306;239
87521;200210;1043
87610;199810;811
87610;200210;811
87610;200610;811
87611;199509;1557
87620;201109;1942
87630;201410;2365
87640;201810;2717
87710;199306;1557
87721;199306;203
87721;199509;203
87722;199509;267
87723;199810;521
87723;200210;521
87723;200610;521
87730;201810;2715
87810;199306;1368
87811;199509;239
87901;201410;2366
87951;199306;928
88031;200410;1277
88041;200410;1421
88042;200810;581
88220;199210;519
88220;199610;519
88320;199210;1277
88320;199610;1277
88320;200810;1277
88320;201210;1277
88320;201610;1277
88321;200010;519
88410;200010;856
88420;199210;887
88420;199610;887
88420;200010;887
88421;199210;1045
88422;200010;378
88430;200410;983
88430;200810;983
88440;200410;581
88440;201210;581
88440;201610;581
88450;200810;482
88450;201210;482
88450;201610;482
88460;200810;1421
88460;201210;1421
88460;201610;1421
88521;199210;675
88521;199610;675
88521;200010;675
88522;199210;1144
88522;199610;1144
88523;199210;1447
88529;199210;675
88620;199610;1045
88620;200010;1045
88620;200410;1045
88621;200810;1045
88621;201210;1045
88621;201610;1045
88630;200810;1502
88710;199210;432
88810;200010;1632
88820;200410;191
88820;201210;191
88820;201610;191
88951;199210;2634
88951;200010;2634
88951;201210;2634
88951;201610;2634
88952;201210;2121
92021;200710;180
92210;199110;629
92210;199309;629
92210;199709;629
92210;200509;629
92210;201110;629
92211;199110;1216
92212;200109;629
92320;199110;108
92321;199110;2372
92322;199309;838
92322;199709;838
92410;199110;1104
92410;199309;1104
92420;199110;1544
92431;199110;1691
92432;199110;1549
92433;199110;1691
92434;199709;1104
92435;200109;512
92435;200509;512
92435;200710;512
92435;201110;512
92436;200109;528
92436;200509;528
92436;200710;528
92436;201110;528
92440;201110;1945
92520;199110;334
92521;199110;369
92522;199110;696
92523;199110;1710
92530;199110;1758
92620;199709;1355
92621;199709;148
92622;200109;207
92622;200509;207
92710;199110;548
92710;199309;548
92711;199110;1074
92712;199110;181
92713;200109;987
92713;200509;987
92810;199110;619
92811;199110;664
92811;199309;664
92811;199709;664
92811;200109;664
92811;200509;664
92811;200710;664
92811;201110;664
92901;199309;1019
92952;199110;1208
92953;199110;900
92953;199309;900
92953;199709;900
92953;200109;900
92953;200509;900
92953;200710;900
92953;201110;900
93001;200411;1120
93002;200811;1120
93031;201212;1120
93041;200411;1015
93061;201212;958
93111;199005;1639
93112;199005;792
93221;199005;419
93221;199209;419
93221;200011;419
93222;199005;307
93223;199209;1120
93223;199611;1120
93223;200011;1120
93223;201612;1120
93320;199005;1601
93322;199611;419
93411;199209;356
93411;199611;356
93420;201612;2647
93430;199005;1485
93430;200011;1485
93430;200811;1485
93430;201612;1485
93440;201612;2646
93521;199005;888
93529;199005;152
93530;200811;958
93540;201612;2395
93711;199005;648
93711;199209;648
93711;199611;648
93712;199209;713
93712;199611;713
93712;200011;713
93712;200411;713
93713;199209;562
93714;199005;2098
93719;199005;648
93810;199005;1299
93810;199209;1299
93951;199005;948
93951;199209;948
93951;199611;948
93951;200011;948
93951;200411;948
93951;200811;948
93951;201212;948
93951;201612;948
93981;201212;2130
96111;199006;874
96210;199409;1563
96220;199006;1415
96220;199206;1415
96220;199809;1415
96220;200209;1415
96221;199409;527
96222;200209;44
96420;199006;1000
96421;199409;1495
96422;199809;1016
96423;200209;220
96423;200606;220
96423;201006;220
96423;201203;220
96423;201603;220
96424;200209;1200
96430;199006;1061
96440;201006;1460
96440;201203;1460
96440;201603;1460
96521;199006;1432
96521;199206;1432
96521;199409;1432
96521;200209;1432
96521;200606;1432
96521;201006;1432
96521;201203;1432
96521;201603;1432
96522;199809;313
96523;200209;131
96523;200606;131
96523;201006;131
96523;201203;131
96610;201006;1645
96620;201203;1759
96620;201603;1759
96630;201603;2624
96710;199006;1072
96710;199206;1072
96710;199409;1072
96710;199809;1072
96710;200606;1072
96710;201006;1072
96710;201203;1072
96710;201603;1072
96711;199206;1142
96711;199409;1142
96711;199809;1142
96711;200209;1142
96711;200606;1142
96711;201006;1142
96720;201603;586
96725;201603;2623
96951;199206;2248
96951;199409;2248
96952;199006;559
96952;199206;559
96952;199409;559
96952;199809;559
96952;200209;559
96952;200606;559
96953;199409;2247
96954;199409;2246
96955;201006;1620
96955;201203;1620
96955;201603;1620
97020;201407;2334
97110;199004;1619
97110;199212;1619
97220;199004;706
97223;199212;706
97320;199004;179
97320;199212;179
97320;199611;179
97320;200010;179
97321;199611;706
97321;200010;706
97322;200410;706
97322;200809;706
97322;201112;706
97322;201407;706
97330;200410;179
97330;200809;179
97330;201112;179
97330;201407;179
97340;201112;1987
97421;199004;1252
97421;199212;1252
97421;199611;1252
97421;200010;1252
97421;200410;1252
97421;200809;1252
97421;201112;1252
97430;199004;1371
97430;199212;1371
97440;200809;326
97440;201112;326
97450;201112;1988
97460;201407;2337
97461;201407;2333
97520;199004;1047
97520;199212;1047
97520;199611;1047
97521;199004;16
97521;199212;16
97521;199611;16
97521;200010;16
97521;200410;16
97521;200809;16
97521;201112;16
97522;200010;1047
97522;200410;1047
97522;200809;1047
97522;201112;1047
97522;201407;1047
97710;199212;981
97710;199611;981
97710;200010;981
97710;200410;981
97710;200809;981
97710;201112;981
97951;199611;1587
97951;200010;1587
97951;200410;1587
97951;200809;1587
97951;201112;1587
97951;201407;1587
97952;200010;1512
